{
    "action-inputs": [
        {
            "available-all-servers": false,
            "description": "The amount of storage (in gibibytes) to allocate for the DB instance.",
            "field-dependency-controlling-set": [],
            "field-dependency-dependent-set": [],
            "global-options": [],
            "hide-if-default-value": false,
            "label": "Allocated Storage",
            "name": "allocated_storage",
            "relevant-osfamilies": [],
            "required": true,
            "show-as-attribute": false,
            "show-on-servers": false,
            "type": "INT"
        },
        {
            "available-all-servers": false,
            "description": "",
            "field-dependency-controlling-set": [],
            "field-dependency-dependent-set": [],
            "global-options": [],
            "hide-if-default-value": false,
            "label": "Environment",
            "name": "aws_environment",
            "relevant-osfamilies": [],
            "required": true,
            "show-as-attribute": false,
            "show-on-servers": false,
            "type": "STR"
        },
        {
            "available-all-servers": false,
            "description": "The name of the database engine to be used for this instance.",
            "field-dependency-controlling-set": [],
            "field-dependency-dependent-set": [],
            "global-options": [],
            "hide-if-default-value": false,
            "label": "RDS Engine",
            "name": "aws_rds_engine",
            "relevant-osfamilies": [],
            "required": true,
            "show-as-attribute": false,
            "show-on-servers": false,
            "type": "STR"
        },
        {
            "available-all-servers": false,
            "description": "The DB instance identifier. Example: mydbinstance",
            "field-dependency-controlling-set": [],
            "field-dependency-dependent-set": [],
            "global-options": [],
            "hide-if-default-value": false,
            "label": "UUID",
            "name": "db_identifier",
            "relevant-osfamilies": [],
            "required": true,
            "show-as-attribute": false,
            "show-on-servers": false,
            "type": "STR"
        },
        {
            "available-all-servers": false,
            "description": "The name of the database to create when the DB instance is created. If this parameter is not specified, no database is created in the DB instance.",
            "field-dependency-controlling-set": [],
            "field-dependency-dependent-set": [],
            "global-options": [],
            "hide-if-default-value": false,
            "label": "Database Name",
            "name": "db_name",
            "relevant-osfamilies": [],
            "required": true,
            "show-as-attribute": false,
            "show-on-servers": false,
            "type": "STR"
        },
        {
            "available-all-servers": false,
            "description": "",
            "field-dependency-controlling-set": [],
            "field-dependency-dependent-set": [],
            "global-options": [],
            "hide-if-default-value": false,
            "label": "Db Password",
            "name": "db_password",
            "relevant-osfamilies": [],
            "required": true,
            "show-as-attribute": false,
            "show-on-servers": false,
            "type": "PWD"
        },
        {
            "available-all-servers": false,
            "description": null,
            "field-dependency-controlling-set": [],
            "field-dependency-dependent-set": [],
            "global-options": [],
            "hide-if-default-value": false,
            "label": "Db Username",
            "name": "db_username",
            "relevant-osfamilies": [],
            "required": true,
            "show-as-attribute": false,
            "show-on-servers": false,
            "type": "STR"
        },
        {
            "available-all-servers": false,
            "description": "The compute and memory capacity of the DB instance, for example, db.m4.large.",
            "field-dependency-controlling-set": [],
            "field-dependency-dependent-set": [],
            "global-options": [],
            "hide-if-default-value": false,
            "label": "Instance Class",
            "name": "instance_class",
            "relevant-osfamilies": [],
            "required": true,
            "show-as-attribute": false,
            "show-on-servers": false,
            "type": "STR"
        },
        {
            "available-all-servers": false,
            "description": null,
            "field-dependency-controlling-set": [],
            "field-dependency-dependent-set": [],
            "global-options": [],
            "hide-if-default-value": false,
            "label": "License Model",
            "name": "license_model",
            "relevant-osfamilies": [],
            "required": true,
            "show-as-attribute": false,
            "show-on-servers": false,
            "type": "STR"
        }
    ],
    "action-inputs-sequence": [
        "db_identifier",
        "aws_environment",
        "aws_rds_engine",
        "db_name",
        "db_username",
        "db_password",
        "allocated_storage",
        "instance_class"
    ],
    "description": "",
    "max-retries": 0,
    "name": "Create AWS RDS Instance",
    "resource-technologies": [],
    "script-filename": "create_vDJAqFv.py",
    "shared": "False",
    "target-os-families": [],
    "type": "CloudBolt Plug-in"
}